281863,281864,282367,282703,282704,282995,283427,283524,283527,283528,283529,283530,283537,283538
281864,281863,282703,282704,283524,283527,283528,283529,283530,283537,283538
281869,281870,281885,281886,282158,282159,282167,282173,282174,282411,282412,282723,282724,282762,282763,282981,282982,283060,283061,283340,283341,283342,283343,283447,283448
281870,281869,281885,281886,282158,282166,282167,282173,282174,282411,282412,282723,282724,282762,282763,282981,283060,283061,283340,283341,283342,283343,283447,283448
281871,281872,281911,281912,282252,282253,282268,282271,282272,282409,282410,282681,282682,282713,282716,282923,282924,282996,283151,283152,283453,283513,283514,283519,283520,283521,283522,283537,283538
281872,281871,281911,281912,282252,282253,282268,282272,282409,282410,282681,282713,282924,282995,283151,283152,283261,283262,283453,283454,283513,283514,283519,283520,283521,283522,283537,283538
281873,281874,281911,281912,281913,281914,281986,281987,282253,282266,282267,282269,282270,282271,283151,283152,283451,283452,283453,283513,283514,283519,283520,283537,283538
281874,281873,281911,281912,281913,281914,281986,281987,282253,282269,282270,282271,283152,283261,283262,283451,283452,283453,283466,283513,283514,283519,283520,283537,283538
281875,281876,281885,281886,282000,282001,282158,282159,282173,282174,282981,282982,283247,283248,283338,283339,283447,283448
281876,281875,281885,281886,282000,282001,282158,282159,282173,282174,282981,282982,283247,283338,283339,283447,283448
281877,281878,281927,281928,282437,282438,282498,282581,282582,283253,283254,283496,283498,283499
281878,281877,281927,281928,282437,282438,282498,282582,283253,283254,283496,283497,283499
281885,281869,281870,281875,281876,281886,282168,282169,282171,282172,282412,283086,283151,283211,283223,283224,283346,283347
281886,281869,281870,281875,281876,281885,282168,282171,282172,282242,282243,282412,283086,283087,283151,283152,283223,283224,283346,283347
281887,281888,281889,281890,281979,282925,282926,283257,283258,283438,283488,283489
281888,281887,281890,281979,282925,282926,283257,283258,283438,283488,283489
281889,281887,281890,281891,281892,282585,282925,282926,283257,283258,283460,283461,283502,283503,283504,283505
281890,281887,281888,281889,281891,281892,282585,282586,282925,282926,283257,283258,283460,283461,283502,283503,283504,283505
281891,281889,281890,281892,281915,281917,282927,282928,283447,283448,283460,283461
281892,281889,281890,281891,281916,281917,281918,282927,282928,283447,283448,283460,283461
281893,281894,281895,281896,281961,281962,283488,283489
281894,281893,282926,283488,283489
281895,281893,281896,281897,281898,281961,281962,283320,283321
281896,281893,281895,281898,281961,281962
281897,281895,281898,281899,281900,282463,282464,282468,282469
281898,281895,281896,281897,281899,281900,282463,282464,282468,282469,283320,283321
281899,281897,281898,281900,281901,281902,282463,282464,282468,282469,282495,282496,283269
281900,281897,281898,281899,281901,281902,282463,282464,282468,282469,282495,282496,283269
281901,281899,281900,281902,281965,281967,281968,281975,281976,283269,283437,283447,283448,283506
281902,281899,281900,281901,281965,281966,281968,281975,281976,283269,283437,283447,283506
281909,281910,282762,282763,282868,282869
281910,281909,282762,282763,282868,282869
281911,281871,281872,281873,281874,281912,282236,282237,282266,282267,282409,282410,283439
281912,281871,281872,281873,281874,281911,282237,282266,282267,282409,283439,283440
281913,281873,281874,281914,281915,282010,282013,282264,282265,283519,283520
281914,281873,281874,281913,281915,281916,282010,282013,282265,283519,283520
281915,281891,281913,281914,281916,281917,282010,282013,282927,282928,283447,283448
281916,281892,281914,281915,281917,281918,282010,282013,282927,282928,283447,283448
281917,281891,281892,281915,281916,281918,281919,281920,282927,282928,283447,283448,283460,283461,283462,283463
281918,281892,281916,281917,281919,281920,282928,283447,283448,283460,283461,283462,283463
281919,281917,281918,281920,281921,281922,283460,283461,283462,283463,283500,283501,283502,283503
281920,281917,281918,281919,281921,281922,283460,283461,283462,283463,283500,283501,283502,283503
281921,281919,281920,281922,281923,282583,282584,282585,282586,283500,283501,283502,283503
281922,281919,281920,281921,281923,281924,282583,282584,282585,282586,283500,283501,283502,283503
281923,281921,281922,281924,281925,281926,282583,282584,282585,282586,283255,283256
281924,281922,281923,281925,281926,282583,282584,282585,282586,283255,283256
281925,281923,281924,281926,281927,281928,282491,282492,283255,283256,283409,283410,283411,283412
281926,281923,281924,281925,281927,281928,282491,282492,283255,283256,283409,283410,283411,283412
281927,281877,281878,281925,281926,281928,282436,282437,282438,283409,283410,283411,283412
281928,281877,281878,281925,281926,281927,282436,282437,282438,283409,283410,283411,283412
281961,281893,281895,281896,281962
281962,281893,281895,281896,281961
281963,281964,281967,282192,282193,283252
281964,281963,281967,281968,282192,282193,283252
281965,281901,281902,281966,281968,281973,281974
281966,281902,281965,281973,281974
281967,281901,281963,281964,281968,281980,281981,282192,282193,282204,282497
281968,281901,281902,281964,281965,281967,281980,281981,282192,282193,282204,282497
281969,281970,281971,281972,283439,283440
281970,281969,281973,281974,283439,283440
281971,281969,281972
281972,281969,281971,283504,283505
281973,281965,281966,281970,281974,283506
281974,281965,281966,281970,281973,283260,283506
281975,281901,281902,281976,281977,281978,281991,283506
281976,281901,281902,281975,281977,281978,281991,283506
281977,281975,281976,281978,281991,283447,283448,283507,283508
281978,281975,281976,281977,281991,283447,283448,283507,283508
281979,281887,281888,282925,282926,283257,283438,283488,283489
281980,281967,281968,281981,281982,281983,281988,281989,281992,281993,283056,283057,283447,283448
281981,281967,281968,281980,281982,281983,281988,281989,281992,281993,283056,283057,283447,283448
281982,281980,281981,281983,281985,282016,282018,282019,282226,282227,282228,282229,283447,283448
281983,281980,281981,281982,282226,282227,282228,282229,283447,283448
281984,281985,281986,281987,282238,282239,282242,282243,282246,282247,282250,282251
281985,281982,281984,281987,282016,282018,282019,282238,282239,282242,282243,282246,282247,282250,282251
281986,281873,281874,281984,281987,282246,282247,282250,282251,282253
281987,281873,281874,281984,281985,281986,282246,282247,282250,282251,282253
281988,281980,281981,281989,281990,281991,281992,281993,282207,282208,282209
281989,281980,281981,281988,281990,281991,281992,281993,282207,282208,282209
281990,281988,281989,281991,282207,282208,282209
281991,281975,281976,281977,281978,281988,281989,281990,282207,282208,282209
281992,281980,281981,281988,281989,281993,282196,282197
281993,281980,281981,281988,281989,281992,282196,282197
281994,281995,281998,281999,282194,282195,282196,282197,282702,283086,283087
281995,281994,281998,281999,282194,282195,282196,282197,282702,283086,283087
281998,281994,281995,281999,282000,282001,282022,282023,282024,282025,282187,282188,282691,282692,282872,282873,283086,283087
281999,281994,281995,281998,282000,282001,282022,282023,282024,282025,282187,282188,282691,282692,282872,282873,283086,283087
282000,281875,281876,281998,281999,282001,282158,282159,282162,282163,282164,282165
282001,281875,281876,281998,281999,282000,282158,282159,282162,282163,282164,282165
282002,282003,282005,282685,282686,282747,283253,283254
282003,282002,282685,282686,283253,283254
282004,282005,282006,282007,283498,283499,283500,283501
282005,282002,282004,282006,282007,282747,283498,283499,283500,283501
282006,282004,282005,282007,282008,282009,283464,283465,283466,283467,283498,283499,283500,283501
282007,282004,282005,282006,282008,282009,283464,283465,283466,283467,283498,283499,283500,283501
282008,282006,282007,282009,282010,282011,283447,283448,283451,283452,283464,283465,283466,283467
282009,282006,282007,282008,282011,283447,283448,283451,283452,283464,283465,283466,283467
282010,281913,281914,281915,281916,282008,282011,282012,282013,282269,282270,283447,283448,283451
282011,282008,282009,282010,282013,283447,283448,283451,283452
282012,282010,282013,282014,282015,283439,283440
282013,281913,281914,281915,281916,282010,282011,282012,282014,282015,282269,282270,283439,283440
282014,282012,282013,282015,282016,282017,283439,283440,283509,283510,283513,283514
282015,282012,282013,282014,282016,282017,283439,283440,283509,283510,283513,283514
282016,281982,281985,282014,282015,282017,282018,282019,283509,283510,283513,283514
282017,282014,282015,282016,282019,283509,283510,283513,283514
282018,281982,281985,282016,282019,282020,282021,283086,283087
282019,281982,281985,282016,282017,282018,282020,282021,283086,283087
282020,282018,282019,282021,282022,282023,282876,282877,283086,283087,283447,283448
282021,282018,282019,282020,282022,282023,282876,282877,283086,283087,283447,283448
282022,281998,281999,282020,282021,282023,282024,282025,283447,283448
282023,281998,281999,282020,282021,282022,282024,282025,283447,283448
282024,281998,281999,282022,282023,282025,282026,282027,283047,283048,283249,283250
282025,281998,281999,282022,282023,282024,282026,282027,283047,283048,283249,283250
282026,282024,282025,282027,283249,283250
282027,282024,282025,282026,283249,283250
282050,282051,283151,283152,283237,283238,283513,283514,283516,283526
282051,282050,283151,283238,283513,283514,283516,283526
282052,282053,283019,283020,283021,283022,283454
282053,282052,283019,283020,283021,283022,283454
282065,282066,282110,282111,283031
282066,282065,282110,283031,283032,283449,283450
282110,282065,282066,282111
282111,282065,282110,282367,282368,283428,283517
282140,282141,282142,282143,282158,282159,283447,283448
282141,282140,282142,282143,282158,282159,283447,283448
282142,282140,282141,282143,282144,282145,282723,282724,283447,283448
282143,282140,282141,282142,282145,282723,282724,283447,283448
282144,282142,282145,282723,282724,282981,282982
282145,282142,282143,282144,282723,282724,282981,282982
282156,282157,282158,282159,282919,282920
282157,282156,282158,282159,282919,282920
282158,281869,281870,281875,281876,282000,282001,282140,282141,282156,282157,282159,282411,282412,282919,282920
282159,281869,281875,281876,282000,282001,282140,282141,282156,282157,282158,282411,282919,282920
282160,282161,282162,282163
282161,282160,282162,282163
282162,282000,282001,282160,282161,282163,282164,282165
282163,282000,282001,282160,282161,282162,282164,282165
282164,282000,282001,282162,282163,282165,282168,282169,283447,283448
282165,282000,282001,282162,282163,282164,282168,282169,283447,283448
282166,281870,282167,282412,282981,283062,283063,283210,283344,283345,283346,283347
282167,281869,281870,282166,282411,282412,282981,282982,283062,283063,283210,283211,283344,283345,283346,283347
282168,281885,281886,282164,282165,282169,282172,282173,282174,282981,282982,283447,283448
282169,281885,282164,282165,282168,282173,282174,282981,282982,283447,283448
282171,281885,281886,282172,283151,283152
282172,281885,281886,282168,282171,283151
282173,281869,281870,281875,281876,282168,282169,282174,282411,282412,282719,282720
282174,281869,281870,281875,281876,282168,282169,282173,282411,282719,282720
282183,282184,282697,282699,282700
282184,282183,282697,282698
282185,282186,282689,282690,282699,282700,283049,283050,283051,283052,283249,283250
282186,282185,282699,282700,283249,283250
282187,281998,281999,282188,282691,282692,282794,282795
282188,281998,281999,282187,282691,282692,282795
282189,282701,282702,282871,283055
282191,282463,282464,282789
282192,281963,281964,281967,281968,282193,282194,282195,282870,283056,283057
282193,281963,281964,281967,281968,282192,282194,282195,282870,283056,283057
282194,281994,281995,282192,282193,282195,282196,282197,282870,283056,283057
282195,281994,281995,282192,282193,282194,282196,282197,282870,283056,283057
282196,281992,281993,281994,281995,282194,282195,282197,282198,282199
282197,281992,281993,281994,281995,282194,282195,282196,282199
282198,282196,282199,282200,282201,283447,283448
282199,282196,282197,282198,283447
282200,282198,282201,282202,282203,283447,283448
282201,282198,282200,282203,283447,283448
282202,282200,282203,282228,282229,282230,282231
282203,282200,282201,282202,282228,282229,282231
282204,281967,281968,282205,282206
282205,282204,282206,282207,282208
282206,282204,282205,282207,282208
282207,281988,281989,281990,281991,282205,282206,282208,282209
282208,281988,281989,281990,281991,282205,282206,282207,282209
282209,281988,281989,281990,281991,282207,282208,282210,282211
282210,282209,282211,282212,282213,283447,283448
282211,282209,282210,282213,283447,283448
282212,282210,282213,282214,282215,283447,283448
282213,282210,282211,282212,282214,282215,283447,283448
282214,282212,282213,282215,282224,282225,282226,282227
282215,282212,282213,282214,282224,282225,282226,282227
282216,282217,282218,282219,283439,283440
282217,282216,282218,282219,283439,283440
282218,282216,282217,282219,282220,282221
282219,282216,282217,282218,282221
282220,282218,282221,282224,282225,283507,283508,283509,283510
282221,282218,282219,282220,282224,282225,283507,283508,283509,283510
282224,282214,282215,282220,282221,282225,282226,282227,283507,283508,283509,283510
282225,282214,282215,282220,282221,282224,282226,282227,283507,283508,283509,283510
282226,281982,281983,282214,282215,282224,282225,282227,282228,282229
282227,281982,281983,282214,282215,282224,282225,282226,282229
282228,281982,281983,282202,282203,282226,282229,282230,282231
282229,281982,281983,282202,282203,282226,282227,282228,282230,282231
282230,282202,282228,282229,282231,282695,282696
282231,282202,282203,282228,282229,282230,282696
282234,282235,282695,282878,283086,283087
282235,282234,282695,282696,282878,283086,283087
282236,281911,282237,282238,282239,283513,283514
282237,281911,281912,282236,282238,282239,283513,283514
282238,281984,281985,282236,282237,282239,282242,282243,283513,283514
282239,281984,281985,282236,282237,282238,282242,282243,283513,283514
282242,281886,281984,281985,282238,282239,282243,283086,283087,283151,283152
282243,281886,281984,281985,282238,282239,282242,283086,283087,283151,283152
282244,282245,282246,282247,283513,283514
282245,282244,282247,283513,283514
282246,281984,281985,281986,281987,282244,282247,282250,282251
282247,281984,281985,281986,281987,282244,282245,282246,282250,282251
282250,281984,281985,281986,281987,282246,282247,282251,283152
282251,281984,281985,281986,281987,282246,282247,282250,283152
282252,281871,281872,282253,282256,282257,282258,282259,282409,282410
282253,281871,281872,281873,281874,281986,281987,282252,282256,282257,282258,282259,282409
282254,282255,282256,282257,282260,282261,283513,283514
282255,282254,282256,282257,282260,282261,283513,283514
282256,282252,282253,282254,282255,282257,282258,282259,283513,283514
282257,282252,282253,282254,282255,282256,282259,283513,283514
282258,282252,282253,282256,282259,283151,283152
282259,282252,282253,282256,282257,282258,283151,283152
282260,282254,282255,282261,282262,282263
282261,282254,282255,282260,282262,282263
282262,282260,282261,282263,282681,282682
282263,282260,282261,282262,282681,282682
282264,281913,282265,282266,282267
282265,281913,281914,282264,282266,282267
282266,281873,281911,281912,282264,282265,282267
282267,281873,281911,281912,282264,282265,282266
282268,281871,281872,282409,282410
282269,281873,281874,282010,282013,282270,282271
282270,281873,281874,282010,282013,282269,282271
282271,281871,281873,281874,282269,282270,282272,282409,283023,283024
282272,281871,281872,282271,282273,282409,282410,282558,282559
282273,282272,282276,282277,282558,282559,282751,282918,283530,283531,283532,283534
282274,282275,282277,283454
282275,282274,283454,283455
282276,282273,282277,282918
282277,282273,282274,282276,282918
282278,282279,282704,283521,283522
282279,282278,282704,283521,283522
282367,281863,282111,282944,283029,283032,283033,283034,283143,283427,283449,283450,283454,283517,283521,283524,283533,283534,283537
282368,282111,283032,283142,283143,283428,283449,283450,283454,283517,283521,283524,283533,283534,283537
282409,281871,281872,281911,281912,282252,282253,282268,282271,282272,282681,282682,282716,282923,282924,282996,283151,283152,283453,283513,283514,283519,283520,283522,283537,283538
282410,281871,281872,281911,282252,282268,282272,282712,282713,282924,282995,283151,283152,283261,283262,283453,283454,283513,283514,283519,283521,283522,283537,283538
282411,281869,281870,282158,282159,282167,282173,282174,282412,282723,282724,282763,282981,282982,283061,283340,283341,283343,283447,283448
282412,281869,281870,281885,281886,282158,282166,282167,282173,282411,282723,282762,282763,282981,283060,283061,283340,283342,283343,283447,283448
282436,281927,281928,282437,282438
282437,281877,281878,281927,281928,282436,282438
282438,281877,281878,281927,281928,282436,282437
282463,281897,281898,281899,281900,282191,282464,282468,282469,283086,283087
282464,281897,281898,281899,281900,282191,282463,282468,282469,283086,283087
282468,281897,281898,281899,281900,282463,282464,282469
282469,281897,281898,281899,281900,282463,282464,282468
282491,281925,281926,282492
282492,281925,281926,282491
282493,282494,283321,283488
282494,282493,283488
282495,281899,281900,282496,283320
282496,281899,281900,282495,283320
282497,281967,281968
282498,281877,281878
282504,282505,283253,283254
282505,282504,283253,283412,283413
282508,282509,282510,282511,282583,282584
282509,282508,282510,282511,282583,282584,283256
282510,282508,282509,282511,282512,282513,282583,282584,283500,283501
282511,282508,282509,282510,282512,282513,282583,282584,283500,283501
282512,282510,282511,282513,282514,282515,283462,283463,283464,283465,283500,283501
282513,282510,282511,282512,282514,282515,283462,283463,283464,283465,283500,283501
282514,282512,282513,282515,283447,283448,283462,283463,283464,283465
282515,282512,282513,282514,283447,283448,283462,283463,283464,283465
282522,282523,283261,283262
282523,282522,283261,283262
282524,282525,282715,282716,283261,283453
282525,282524,282715,282716,283261,283453
282552,282553,282554,282555,282713,282714,283021,283022
282553,282552,282554,282555,282713,282714,283021,283022
282554,282552,282553,282555,282556,282557,282711,282712,283019,283020,283021,283022
282555,282552,282553,282554,282557,282711,282712,283019,283020,283021,283022
282556,282554,282557,282558,282559,282711,282712,283019,283020,283454
282557,282554,282555,282556,282559,282711,282712,283019,283020,283454
282558,282272,282273,282556,282559,283454
282559,282272,282273,282556,282557,282558,283454
282581,281877,282582,282685,282686,282744
282582,281877,281878,282581,282685,282686,282744
282583,281921,281922,281923,281924,282508,282509,282510,282511,282584,282585,282586,282747
282584,281921,281922,281923,281924,282508,282509,282510,282511,282583,282585,282586,282747
282585,281889,281890,281921,281922,281923,281924,282583,282584,282586
282586,281890,281921,281922,281923,281924,282583,282584,282585
282681,281871,281872,282262,282263,282409,282682
282682,281871,282262,282263,282409,282681
282685,282002,282003,282581,282582,282686
282686,282002,282003,282581,282582,282685,282746,282747
282689,282185,282690,282691,282692,283049,283050,283052
282690,282185,282689,282691,282692,283049,283050,283051,283052
282691,281998,281999,282187,282188,282689,282690,282692
282692,281998,281999,282187,282188,282689,282690,282691
282695,282230,282234,282235,282696
282696,282230,282231,282235,282695
282697,282183,282184,282698
282698,282184,282697
282699,282183,282185,282186,282700,283249,283250
282700,282183,282185,282186,282699,283249,283250
282701,282189,282871,283055,283251,283252
282702,281994,281995,282189
282703,281863,281864,282704
282704,281863,281864,282278,282279,282703
282711,282554,282555,282556,282557,282712,283019,283020
282712,282410,282554,282555,282556,282557,282711,283019,283020
282713,281871,281872,282410,282552,282553,282714
282714,282552,282553,282713
282715,282524,282525,282716,282717,282718
282716,281871,282409,282524,282525,282715
282717,282715,282718,283023,283024,283453
282718,282715,282717,283023,283024,283453
282719,282173,282174,282720,282721,282722,282981,282982,283338,283339,283340,283341
282720,282173,282174,282719,282721,282722,282981,282982,283338,283339,283340,283341
282721,282719,282720,282722,282981,282982
282722,282719,282720,282721,282723,282724,282981,282982
282723,281869,281870,282142,282143,282144,282145,282411,282412,282722,282724,283060,283061,283447,283448
282724,281869,281870,282142,282143,282144,282145,282411,282722,282723,283060,283061,283447,283448
282744,282581,282582,282745,282792,282793
282745,282744,282792,282793
282746,282686,282747
282747,282002,282005,282583,282584,282686,282746
282750,282751,282917,282918,283522,283529,283530,283531,283532,283533
282751,282273,282750,282917,282918,283521,283522,283530,283531,283532
282762,281869,281870,281909,281910,282412,282763,282868,282869
282763,281869,281870,281909,281910,282411,282412,282762,282868,282869
282789,282191,282790,282791
282790,282789,282791,283268,283269
282791,282789,282790,283268
282792,282744,282745,282793,283498,283499
282793,282744,282745,282792,283498,283499
282794,282187,282795,283447,283448
282795,282187,282188,282794,283447
282868,281909,281910,282762,282763,282869
282869,281909,281910,282762,282763,282868
282870,282192,282193,282194,282195,282871,283056,283057
282871,282189,282701,282870,283055
282872,281998,281999,282873,282876,282877
282873,281998,281999,282872,282877
282876,282020,282021,282872,282877,282878,282879,283447,283448
282877,282020,282021,282872,282873,282876,282878,282879,283447,283448
282878,282234,282235,282876,282877,282879,283086,283087
282879,282876,282877,282878,283086
282905,282906,283025,283026,283525,283526
282906,282905,283025,283026,283525,283526
282917,282750,282751,282918
282918,282273,282276,282277,282750,282751,282917
282919,282156,282157,282158,282159,282920,283447,283448
282920,282156,282157,282158,282159,282919,283447,283448
282923,281871,282409,283151,283152
282924,281871,281872,282409,282410,283151,283152
282925,281887,281888,281889,281890,281979,282926,283257,283258,283438,283488,283489
282926,281887,281888,281889,281890,281894,281979,282925,283257,283258,283438,283488,283489
282927,281891,281892,281915,281916,281917,282928,283447,283448
282928,281891,281892,281915,281916,281917,281918,282927,283447,283448
282943,282944,282945,282946
282944,282367,282943,282945,282946,283427
282945,282943,282944,282946,283029,283030,283033,283034,283517,283518
282946,282943,282944,282945,283029,283030,283033,283034,283517,283518
282981,281869,281870,281875,281876,282144,282145,282166,282167,282168,282169,282411,282412,282719,282720,282721,282722,282982
282982,281869,281875,281876,282144,282145,282167,282168,282169,282411,282719,282720,282721,282722,282981
282995,281863,281872,282410
282996,281871,282409,283538
283019,282052,282053,282554,282555,282556,282557,282711,282712,283020
283020,282052,282053,282554,282555,282556,282557,282711,282712,283019
283021,282052,282053,282552,282553,282554,282555,283022,283531,283532
283022,282052,282053,282552,282553,282554,282555,283021,283531,283532
283023,282271,282717,282718,283024,283453
283024,282271,282717,282718,283023,283453
283025,282905,282906,283026,283027,283028,283449,283450
283026,282905,282906,283025,283027,283028,283449,283450
283027,283025,283026,283028,283030,283034,283449,283450
283028,283025,283026,283027,283030,283034,283449,283450
283029,282367,282945,282946,283030,283032,283427,283449,283450
283030,282945,282946,283027,283028,283029,283449,283450
283031,282065,282066,283032,283428
283032,282066,282367,282368,283029,283031,283427,283428
283033,282367,282945,282946,283034,283427
283034,282367,282945,282946,283027,283028,283033,283427,283449,283450
283047,282024,282025,283048,283049,283050
283048,282024,282025,283047,283049,283050
283049,282185,282689,282690,283047,283048,283050,283051,283052
283050,282185,282689,282690,283047,283048,283049,283052
283051,282185,282690,283049,283052,283053,283054
283052,282185,282689,282690,283049,283050,283051,283053,283054
283053,283051,283052,283054,283086,283087
283054,283051,283052,283053,283086
283055,282189,282701,282871,283086,283087
283056,281980,281981,282192,282193,282194,282195,282870,283057
283057,281980,281981,282192,282193,282194,282195,282870,283056
283060,281869,281870,282412,282723,282724,283061,283062,283063
283061,281869,281870,282411,282412,282723,282724,283060,283062,283063
283062,282166,282167,283060,283061,283063
283063,282166,282167,283060,283061,283062
283086,281885,281886,281994,281995,281998,281999,282018,282019,282020,282021,282234,282235,282242,282243,282463,282464,282878,282879,283053,283054,283055,283087,283151,283152,283251,283252,283268,283269,283447,283448
283087,281886,281994,281995,281998,281999,282018,282019,282020,282021,282234,282235,282242,282243,282463,282464,282878,283053,283055,283086,283151,283152,283251,283252,283268,283269,283447,283448
283142,282368,283143,283428,283533,283534
283143,282367,282368,283142,283427,283428,283533,283534
283151,281871,281872,281873,281885,281886,282050,282051,282171,282172,282242,282243,282258,282259,282409,282410,282923,282924,283086,283087,283152,283237,283238,283346,283347
283152,281871,281872,281873,281874,281886,282050,282171,282242,282243,282250,282251,282258,282259,282409,282410,282923,282924,283086,283087,283151,283238,283526
283210,282166,282167,283211,283223
283211,281885,282167,283210,283223,283224
283223,281885,281886,283210,283211,283224,283237,283238
283224,281885,281886,283211,283223,283237,283238
283237,282050,283151,283223,283224,283238
283238,282050,282051,283151,283152,283223,283224,283237,283526
283247,281875,281876,283248
283248,281875,283247
283249,282024,282025,282026,282027,282185,282186,282699,282700,283250
283250,282024,282025,282026,282027,282185,282186,282699,282700,283249
283251,282701,283086,283087,283252
283252,281963,281964,282701,283086,283087,283251
283253,281877,281878,282002,282003,282504,282505,283254
283254,281877,281878,282002,282003,282504,283253
283255,281923,281924,281925,281926,283256
283256,281923,281924,281925,281926,282509,283255
283257,281887,281888,281889,281890,281979,282925,282926,283258
283258,281887,281888,281889,281890,282925,282926,283257
283259,283260,283439,283440
283260,281974,283259,283439,283440
283261,281872,281874,282410,282522,282523,282524,282525,283262,283466
283262,281872,281874,282410,282522,282523,283261,283466,283467
283268,282790,282791,283086,283087,283269
283269,281899,281900,281901,281902,282790,283086,283087,283268
283320,281895,281898,282495,282496,283321,283437,283438
283321,281895,281898,282493,283320
283338,281875,281876,282719,282720,283339,283340,283341
283339,281875,281876,282719,282720,283338,283340,283341
283340,281869,281870,282411,282412,282719,282720,283338,283339,283341,283342,283343
283341,281869,281870,282411,282719,282720,283338,283339,283340,283342,283343
283342,281869,281870,282412,283340,283341,283343,283344,283345,283346,283347
283343,281869,281870,282411,282412,283340,283341,283342,283344,283345,283346,283347
283344,282166,282167,283342,283343,283345
283345,282166,282167,283342,283343,283344
283346,281885,281886,282166,282167,283151,283342,283343,283347
283347,281885,281886,282166,282167,283151,283342,283343,283346
283409,281925,281926,281927,281928,283410,283411,283412,283488,283489
283410,281925,281926,281927,281928,283409,283411,283412
283411,281925,281926,281927,281928,283409,283410,283412
283412,281925,281926,281927,281928,282505,283409,283410,283411,283413
283413,282505,283412
283427,281863,282367,282944,283029,283032,283033,283034,283143,283449,283450,283454,283517,283521,283524,283533,283534,283537
283428,282111,282368,283031,283032,283142,283143,283454,283521,283524,283533,283534,283537
283437,281901,281902,283320,283438,283439
283438,281887,281888,281979,282925,282926,283320,283437,283440,283488,283489
283439,281911,281912,281969,281970,282012,282013,282014,282015,282216,282217,283259,283260,283437,283440,283447,283448,283458,283459,283504,283505,283506
283440,281912,281969,281970,282012,282013,282014,282015,282216,282217,283259,283260,283438,283439,283447,283448,283458,283459,283504,283505,283506
283447,281869,281870,281875,281876,281891,281892,281901,281902,281915,281916,281917,281918,281977,281978,281980,281981,281982,281983,282008,282009,282010,282011,282020,282021,282022,282023,282140,282141,282142,282143,282164,282165,282168,282169,282198,282199
283448,281869,281870,281875,281876,281891,281892,281901,281915,281916,281917,281918,281977,281978,281980,281981,281982,281983,282008,282009,282010,282011,282020,282021,282022,282023,282140,282141,282142,282143,282164,282165,282168,282169,282198,282200,282201
283449,282066,282367,282368,283025,283026,283027,283028,283029,283030,283034,283427,283450
283450,282066,282367,282368,283025,283026,283027,283028,283029,283030,283034,283427,283449,283525,283526
283451,281873,281874,282008,282009,282010,282011,283447,283448,283452,283453
283452,281873,281874,282008,282009,282011,283447,283448,283451
283453,281871,281872,281873,281874,282409,282410,282524,282525,282717,282718,283023,283024,283451,283454
283454,281872,282052,282053,282274,282275,282367,282368,282410,282556,282557,282558,282559,283427,283428,283453,283455,283531,283532
283455,282275,283454,283531,283532
283458,283439,283440,283459,283460,283461
283459,283439,283440,283458,283460,283461
283460,281889,281890,281891,281892,281917,281918,281919,281920,283458,283459,283461,283462,283463
283461,281889,281890,281891,281892,281917,281918,281919,281920,283458,283459,283460,283462,283463
283462,281917,281918,281919,281920,282512,282513,282514,282515,283460,283461,283463,283464,283465
283463,281917,281918,281919,281920,282512,282513,282514,282515,283460,283461,283462,283464,283465
283464,282006,282007,282008,282009,282512,282513,282514,282515,283462,283463,283465,283466,283467
283465,282006,282007,282008,282009,282512,282513,282514,282515,283462,283463,283464,283466,283467
283466,281874,282006,282007,282008,282009,283261,283262,283464,283465,283467
283467,282006,282007,282008,282009,283262,283464,283465,283466
283488,281887,281888,281893,281894,281979,282493,282494,282925,282926,283409,283438,283489
283489,281887,281888,281893,281894,281979,282925,282926,283409,283438,283488
283496,281877,281878,283497,283498,283499
283497,281878,283496,283499
283498,281877,282004,282005,282006,282007,282792,282793,283496,283499,283500,283501
283499,281877,281878,282004,282005,282006,282007,282792,282793,283496,283497,283498,283500,283501
283500,281919,281920,281921,281922,282004,282005,282006,282007,282510,282511,282512,282513,283498,283499,283501,283502,283503
283501,281919,281920,281921,281922,282004,282005,282006,282007,282510,282511,282512,282513,283498,283499,283500,283502,283503
283502,281889,281890,281919,281920,281921,281922,283500,283501,283503,283504,283505
283503,281889,281890,281919,281920,281921,281922,283500,283501,283502,283505
283504,281889,281890,281972,283439,283440,283502,283505,283506
283505,281889,281890,281972,283439,283440,283502,283503,283504,283506
283506,281901,281902,281973,281974,281975,281976,283439,283440,283504,283505
283507,281977,281978,282220,282221,282224,282225,283447,283448,283508,283509,283510
283508,281977,281978,282220,282221,282224,282225,283447,283448,283507,283510
283509,282014,282015,282016,282017,282220,282221,282224,282225,283507,283510,283513,283514
283510,282014,282015,282016,282017,282220,282221,282224,282225,283507,283508,283509,283513,283514
283513,281871,281872,281873,281874,282014,282015,282016,282017,282050,282051,282236,282237,282238,282239,282244,282245,282254,282255,282256,282257,282409,282410,283509,283510,283514,283516
283514,281871,281872,281873,281874,282014,282015,282016,282017,282050,282051,282236,282237,282238,282239,282244,282245,282254,282255,282256,282257,282409,282410,283509,283510,283513,283516
283515,283516,283517,283518,283525,283526,283527,283528
283516,282050,282051,283513,283514,283515,283518,283525,283527,283528
283517,282111,282367,282368,282945,282946,283427,283515,283518,283525,283527
283518,282945,282946,283515,283516,283517,283525,283527,283528
283519,281871,281872,281873,281874,281913,281914,282409,282410,283520,283521,283522
283520,281871,281872,281873,281874,281913,281914,282409,283519,283522
283521,281871,281872,282278,282279,282367,282368,282410,282751,283427,283428,283519,283522,283529,283530
283522,281871,281872,282278,282279,282409,282410,282750,282751,283519,283520,283521,283529,283530
283523,283524,283537
283524,281863,281864,282367,282368,283427,283428,283523,283537,283538
283525,282905,282906,283450,283515,283516,283517,283518,283526,283527,283528
283526,282050,282051,282905,282906,283152,283238,283450,283515,283525,283527
283527,281863,281864,283515,283516,283517,283518,283525,283526,283528,283529
283528,281863,281864,283515,283516,283518,283525,283527,283529,283530
283529,281863,281864,282750,283521,283522,283527,283528,283530,283531,283533,283537,283538
283530,281863,281864,282273,282750,282751,283521,283522,283528,283529,283531,283532,283533,283534,283537,283538
283531,282273,282750,282751,283021,283022,283454,283455,283529,283530,283532,283533
283532,282273,282750,282751,283021,283022,283454,283455,283530,283531,283533,283534
283533,282367,282368,282750,283142,283143,283427,283428,283529,283530,283531,283532,283534
283534,282273,282367,282368,283142,283143,283427,283428,283530,283532,283533
283537,281863,281864,281871,281872,281873,281874,282367,282368,282409,282410,283427,283428,283523,283524,283529,283530,283538
283538,281863,281864,281871,281872,281873,281874,282409,282410,282996,283524,283529,283530,283537
