263189,263190,263200,263201,263202,263203,263222,263223,263299,263364,263365,263882,263894,263895,263904,263905,263979
263190,263189,263200,263201,263202,263203,263222,263223,263298,263299,263364,263365,263882,263883,263884,263885,263894,263895,263904,263905,263979,263980
263191,263192,263193,263194,263195,263196,263368,263369,263370,263371,263408,263409,263530,263531,263584,263586,263587,263786,263787,263802,263803,263965,263966,263979,263980
263192,263191,263194,263195,263196,263368,263369,263370,263371,263408,263409,263530,263531,263584,263585,263587,263786,263802,263803,263965,263966,263979,263980
263193,263191,263194,263276,263277,263278,263279,263770,263771,263787
263194,263191,263192,263193,263276,263277,263278,263279,263770,263786,263787
263195,263191,263192,263196,263197,263378,263379,263878,263879,263880,263881,263973
263196,263191,263192,263195,263197,263378,263379,263878,263879,263880,263881,263973,263974
263197,263195,263196,263805,263967,263968
263198,263199,263332,263333,263340,263369,263410,263411,263508,263509,263806,263807,263967,263968
263199,263198,263332,263333,263369,263410,263411,263508,263509,263967
263200,263189,263190,263201,263202,263203,263214,263215
263201,263189,263190,263200,263203,263215,263371,263739
263202,263189,263190,263200,263203,263204,263205,263290,263291,263292,263293,263786,263787
263203,263189,263190,263200,263201,263202,263205,263290,263291,263292,263293,263786,263787
263204,263202,263205,263206,263207,263282,263283,263284,263786,263787
263205,263202,263203,263204,263207,263282,263786,263787
263206,263204,263207,263208,263209,263282,263772,263773
263207,263204,263205,263206,263209,263282,263283,263284,263772
263208,263206,263209,263210,263212,263213,263773
263209,263206,263207,263208,263210,263772,263773
263210,263208,263209,263211,263212,263213,263234
263211,263210,263213,263234,263235
263212,263208,263210,263213,263898,263899,263906,263907
263213,263208,263210,263211,263212,263898,263899,263906,263907
263214,263200,263215,263894,263895,263904,263905
263215,263200,263201,263214,263894,263895,263904,263905
263216,263217,263218,263219,263738
263217,263216,263218,263219,263389,263674
263218,263216,263217,263219,263239,263369,263592,263593,263780,263781,263790,263791,263806,263807
263219,263216,263217,263218,263239,263369,263592,263593,263780,263781,263790,263791,263806,263807
263220,263221,263222,263223,263238,263239,263342,263368,263369,263370,263371,263590,263591,263592,263593,263738,263739,263806,263807
263221,263220,263223,263238,263239,263342,263343,263368,263369,263590,263591,263592,263593,263738,263806,263807
263222,263189,263190,263220,263223,263296,263297,263371,263739,263754,263755,263776,263778,263779,263788,263789
263223,263189,263190,263220,263221,263222,263296,263297,263370,263371,263738,263739,263754,263755,263776,263777,263779,263788,263789
263228,263229
263229,263228,263829
263234,263210,263211,263235,263270,263272,263273,263546,263547,263748,263749,263750,263751,263773,263886,263890,263891
263235,263211,263234,263270,263271,263273,263546,263748,263749,263750,263751,263770,263771,263773,263886,263887,263891
263238,263220,263221,263239,263334,263368,263369,263467,263612,263900
263239,263218,263219,263220,263221,263238,263334,263368,263369,263467,263612,263900
263244,263245,263862,263863,263971,263972,263973,263974
263245,263244,263862,263863,263971,263972,263974
263246,263247,263604,263605,263756,263757,263832,263833
263247,263246,263604,263605,263756,263757,263832,263833
263268,263269,263271,263977,263978
263269,263268,263977,263978
263270,263234,263235,263271,263272,263273
263271,263235,263268,263270,263273
263272,263234,263270,263273
263273,263234,263235,263270,263271,263272,263898,263899
263274,263275,263277,263606,263975
263275,263274,263606,263975,263976
263276,263193,263194,263277,263278,263279
263277,263193,263194,263274,263276,263278,263279
263278,263193,263194,263276,263277,263279,263280,263281
263279,263193,263194,263276,263277,263278,263281
263280,263278,263281,263887
263281,263278,263279,263280
263282,263204,263205,263206,263207,263283,263284
263283,263204,263207,263282,263886
263284,263204,263207,263282
263285,263288,263289
263288,263285,263289,263896,263897
263289,263285,263288,263897
263290,263202,263203,263291,263292,263293,263884
263291,263202,263203,263290,263293,263884,263885
263292,263202,263203,263290,263293,263294,263295,263894,263895
263293,263202,263203,263290,263291,263292,263294,263295,263894,263895
263294,263292,263293,263295,263298,263299,263894,263895,263904,263905
263295,263292,263293,263294,263894,263895,263904,263905
263296,263222,263223,263297,263391,263915
263297,263222,263223,263296,263391,263915
263298,263190,263294,263299,263300,263301,263788,263789
263299,263189,263190,263294,263298,263301,263788,263789
263300,263298,263301,263774,263775,263788,263789
263301,263298,263299,263300,263774,263788,263789
263312,263313,263746,263749,263768,263770,263771,263785,263787,263829,263866,263868,263869
263313,263312,263746,263749,263768,263769,263771,263784,263785,263786,263787,263829,263866,263867
263330,263331,263333,263368,263369,263410,263967,263968
263331,263330,263368,263369,263410,263411,263967,263968
263332,263198,263199,263333,263334,263335,263412,263413
263333,263198,263199,263330,263332
263334,263238,263239,263332,263335,263340,263341,263368,263369,263412,263413,263467,263506,263507,263612,263900,263901
263335,263332,263334,263340,263341,263369,263412,263413,263467,263506,263507,263612
263340,263198,263334,263335,263341,263508,263590,263591,263807
263341,263334,263335,263340,263508,263590,263591
263342,263220,263221,263343,263366,263367,263902,263903
263343,263221,263342,263366,263367,263902,263903
263364,263189,263190,263365,263370,263371,263739,263788,263789
263365,263189,263190,263364,263370,263371,263739,263788,263789
263366,263342,263343,263367,263370,263371,263738,263739,263807
263367,263342,263343,263366,263738,263806,263807
263368,263191,263192,263220,263221,263238,263239,263330,263331,263334,263369,263379,263406,263407,263467,263612,263878,263879,263900,263901
263369,263191,263192,263198,263199,263218,263219,263220,263221,263238,263239,263330,263331,263334,263335,263368,263378,263379,263406,263407,263466,263467,263612,263613,263878,263879,263900
263370,263191,263192,263220,263223,263364,263365,263366,263371,263378,263379,263389,263530,263738,263739,263862,263867,263880,263881,263883,263894,263895,263902,263905,263914,263915,263971,263972,263973,263974
263371,263191,263192,263201,263220,263222,263223,263364,263365,263366,263370,263378,263530,263531,263739,263862,263867,263880,263883,263894,263895,263902,263905,263915,263973,263974
263378,263195,263196,263369,263370,263371,263379,263410,263411,263738,263739,263804,263805,263967,263968
263379,263195,263196,263368,263369,263370,263378,263410,263411,263738,263804,263805,263967,263968
263388,263788,263790,263791,263914,263915
263389,263217,263370,263738,263788,263789,263791,263914,263915
263390,263391,263778,263780,263781,263914,263915
263391,263296,263297,263390,263778,263779,263781,263914,263915
263392,263754,263756,263757,263830,263832,263833,263914,263915
263393,263754,263755,263757,263830,263831,263833,263915
263406,263368,263369,263407,263408,263409,263963,263964
263407,263368,263369,263406,263408,263409,263963,263964
263408,263191,263192,263406,263407,263409,263973,263974
263409,263191,263192,263406,263407,263408,263973,263974
263410,263198,263199,263330,263331,263378,263379,263411,263412,263413
263411,263198,263199,263331,263378,263379,263410,263412,263413
263412,263332,263334,263335,263410,263411,263413,263508,263509
263413,263332,263334,263335,263410,263411,263412,263508,263509
263466,263369,263467,263590,263591,263612,263613,263806,263807,263900,263902,263903
263467,263238,263239,263334,263335,263368,263369,263466,263590,263591,263612,263613,263806,263900,263901,263903
263484,263485,263862,263863,263971,263972
263485,263484,263862,263863
263506,263334,263335,263507,263508,263509
263507,263334,263335,263506,263508,263509
263508,263198,263199,263340,263341,263412,263413,263506,263507,263509,263590,263591
263509,263198,263199,263412,263413,263506,263507,263508,263590,263591
263530,263191,263192,263370,263371,263971,263972,263973,263974
263531,263191,263192,263371,263973,263974
263546,263234,263235,263547,263828,263829,263891
263547,263234,263546,263828,263829,263890,263891
263582,263583,263584,263585,263866,263867,263973,263974
263583,263582,263585,263866,263867,263974
263584,263191,263192,263582,263585,263973
263585,263192,263582,263583,263584,263973,263974
263586,263191,263587,263882,263883
263587,263191,263192,263586,263883
263590,263220,263221,263340,263341,263466,263467,263508,263509,263591,263612,263613
263591,263220,263221,263340,263341,263466,263467,263508,263509,263590,263612,263613
263592,263218,263219,263220,263221,263593
263593,263218,263219,263220,263221,263592
263604,263246,263247,263605
263605,263246,263247,263604
263606,263274,263275,263607,263973,263975,263976
263607,263606,263787,263973
263612,263238,263239,263334,263335,263368,263369,263466,263467,263590,263591,263806,263900,263901,263903
263613,263369,263466,263467,263590,263591,263806,263807,263900,263902,263903
263674,263217,263675,263738
263675,263674,263806,263807
263712,263713,263830,263831
263713,263712,263754,263755,263830,263831
263738,263216,263220,263221,263223,263366,263367,263370,263378,263379,263389,263674,263894,263895,263902,263903,263905
263739,263201,263220,263222,263223,263364,263365,263366,263370,263371,263378,263882,263883,263894,263895,263902,263904,263905
263746,263312,263313,263747,263748,263749
263747,263746,263749
263748,263234,263235,263746,263749,263750,263751,263977,263978
263749,263234,263235,263312,263313,263746,263747,263748,263751,263977,263978
263750,263234,263235,263748,263751,263753,263898,263899
263751,263234,263235,263748,263749,263750
263752,263753,263754,263755,263906,263907
263753,263750,263752,263755,263898,263899,263906,263907
263754,263222,263223,263392,263393,263713,263752,263755,263756,263757,263906,263907,263914,263915
263755,263222,263223,263393,263713,263752,263753,263754,263757,263906,263907,263915
263756,263246,263247,263392,263754,263757,263914
263757,263246,263247,263392,263393,263754,263755,263756,263914,263915
263768,263312,263313,263769,263770,263771
263769,263313,263768,263771
263770,263193,263194,263235,263312,263768,263771,263772,263773,263886,263887,263975,263976
263771,263193,263235,263312,263313,263768,263769,263770,263773,263975
263772,263206,263207,263209,263770,263773,263774,263775,263886,263896,263897,263898,263899,263906,263907
263773,263206,263208,263209,263234,263235,263770,263771,263772,263775,263886,263896,263897,263898,263899,263906,263907
263774,263300,263301,263772,263775,263777,263906,263907
263775,263300,263772,263773,263774,263777,263906,263907
263776,263222,263223,263777,263778,263779
263777,263223,263774,263775,263776,263779
263778,263222,263390,263391,263776,263779,263914,263915
263779,263222,263223,263391,263776,263777,263778
263780,263218,263219,263390,263781
263781,263218,263219,263390,263391,263780,263914,263915
263784,263313,263785,263786,263787,263866,263867
263785,263312,263313,263784,263787,263866
263786,263191,263192,263194,263202,263203,263204,263205,263313,263784,263787,263788,263789,263866,263867,263884,263887,263894,263895,263896,263897,263904,263905,263906,263907,263973,263974
263787,263191,263193,263194,263202,263203,263204,263205,263312,263313,263607,263784,263785,263786,263789,263866,263884,263887,263894,263895,263896,263897,263904,263906,263907,263973,263974
263788,263222,263223,263298,263299,263300,263301,263364,263365,263388,263389,263786,263789,263790,263791,263914,263915
263789,263222,263223,263298,263299,263300,263301,263364,263365,263389,263786,263787,263788,263791,263904,263906,263907,263915
263790,263218,263219,263388,263788,263791,263914
263791,263218,263219,263388,263389,263788,263789,263790,263914,263915
263800,263801,263802,263803,263862,263863,263971,263972,263973,263974
263801,263800,263803,263862,263863,263971,263972,263974
263802,263191,263192,263800,263803,263804,263805,263880,263881,263973
263803,263191,263192,263800,263801,263802,263804,263805,263880,263881,263973,263974
263804,263378,263379,263802,263803,263805,263880,263881
263805,263197,263378,263379,263802,263803,263804,263807,263880,263881,263895
263806,263198,263218,263219,263220,263221,263367,263466,263467,263612,263613,263675,263807,263902,263903
263807,263198,263218,263219,263220,263221,263340,263366,263367,263466,263613,263675,263805,263806,263894,263895,263902,263903
263810,263811,263900,263901
263811,263810,263900,263901
263828,263546,263547,263829,263830,263831,263890,263891,263906,263911,263977
263829,263229,263312,263313,263546,263547,263828,263831,263890,263891
263830,263392,263393,263712,263713,263828,263831,263832,263833,263834,263835,263914,263915
263831,263393,263712,263713,263828,263829,263830,263833,263834,263835,263906,263911,263915
263832,263246,263247,263392,263830,263833,263914
263833,263246,263247,263392,263393,263830,263831,263832,263914,263915
263834,263830,263831,263835,263914,263915
263835,263830,263831,263834,263914,263915
263862,263244,263245,263370,263371,263484,263485,263800,263801,263863,263866,263867,263963,263964
263863,263244,263245,263484,263485,263800,263801,263862,263867,263963,263964
263866,263312,263313,263582,263583,263784,263785,263786,263787,263862,263867,263979,263980
263867,263313,263370,263371,263582,263583,263784,263786,263862,263863,263866,263979,263980
263868,263312,263869
263869,263312,263868
263878,263195,263196,263368,263369,263879,263880,263881,263967,263968
263879,263195,263196,263368,263369,263878,263881,263967,263968
263880,263195,263196,263370,263371,263802,263803,263804,263805,263878,263881,263882,263883
263881,263195,263196,263370,263802,263803,263804,263805,263878,263879,263880,263883
263882,263189,263190,263586,263739,263880,263883,263884,263885,263979
263883,263190,263370,263371,263586,263587,263739,263880,263881,263882,263885,263979,263980
263884,263190,263290,263291,263786,263787,263882,263885,263886,263887,263979
263885,263190,263291,263882,263883,263884,263887,263979,263980
263886,263234,263235,263283,263770,263772,263773,263884,263887
263887,263235,263280,263770,263786,263787,263884,263885,263886
263890,263234,263547,263828,263829,263891
263891,263234,263235,263546,263547,263828,263829,263890
263894,263189,263190,263214,263215,263292,263293,263294,263295,263370,263371,263738,263739,263786,263787,263807,263895,263896,263897
263895,263189,263190,263214,263215,263292,263293,263294,263295,263370,263371,263738,263739,263786,263787,263805,263807,263894,263897
263896,263288,263772,263773,263786,263787,263894,263897,263898,263899
263897,263288,263289,263772,263773,263786,263787,263894,263895,263896,263899
263898,263212,263213,263273,263750,263753,263772,263773,263896,263899
263899,263212,263213,263273,263750,263753,263772,263773,263896,263897,263898
263900,263238,263239,263334,263368,263369,263466,263467,263612,263613,263810,263811,263901
263901,263334,263368,263467,263612,263810,263811,263900
263902,263342,263343,263370,263371,263466,263613,263738,263739,263806,263807,263903,263904,263905
263903,263342,263343,263466,263467,263612,263613,263738,263806,263807,263902,263905
263904,263189,263190,263214,263215,263294,263295,263739,263786,263787,263789,263902,263905,263906,263907
263905,263189,263190,263214,263215,263294,263295,263370,263371,263738,263739,263786,263902,263903,263904,263907
263906,263212,263213,263752,263753,263754,263755,263772,263773,263774,263775,263786,263787,263789,263828,263831,263904,263907,263910,263911
263907,263212,263213,263752,263753,263754,263755,263772,263773,263774,263775,263786,263787,263789,263904,263905,263906,263911
263910,263906,263911
263911,263828,263831,263906,263907,263910
263914,263370,263388,263389,263390,263391,263392,263754,263756,263757,263778,263781,263788,263790,263791,263830,263832,263833,263834,263835,263915
263915,263296,263297,263370,263371,263388,263389,263390,263391,263392,263393,263754,263755,263757,263778,263781,263788,263789,263791,263830,263831,263833,263834,263835,263914
263963,263406,263407,263862,263863,263964,263965,263966,263973,263974
263964,263406,263407,263862,263863,263963,263966,263974
263965,263191,263192,263963,263966,263973,263974
263966,263191,263192,263963,263964,263965,263973,263974
263967,263197,263198,263199,263330,263331,263378,263379,263878,263879,263968
263968,263197,263198,263330,263331,263378,263379,263878,263879,263967
263971,263244,263245,263370,263484,263530,263800,263801,263972
263972,263244,263245,263370,263484,263530,263800,263801,263971
263973,263195,263196,263244,263370,263371,263408,263409,263530,263531,263582,263584,263585,263606,263607,263786,263787,263800,263802,263803,263963,263965,263966,263974,263979,263980
263974,263196,263244,263245,263370,263371,263408,263409,263530,263531,263582,263583,263585,263786,263787,263800,263801,263803,263963,263964,263965,263966,263973,263979,263980
263975,263274,263275,263606,263770,263771,263976
263976,263275,263606,263770,263975
263977,263268,263269,263748,263749,263828,263978
263978,263268,263269,263748,263749,263977
263979,263189,263190,263191,263192,263866,263867,263882,263883,263884,263885,263973,263974,263980
263980,263190,263191,263192,263866,263867,263883,263885,263973,263974,263979
